Service,Service Name,Job Title,Company,City,State,Full Location,Posted Date/Time,Scraped At
instacart,Instacart,"Shop, Deliver, Earn Cash - Instacart",Instacart Shoppers,The Bluffs,LA,"The Bluffs, LA     •  via Snagajob",2025-08-08 07:54 AM,2025-08-08T20:54:24.107Z
instacart,Instacart,"Shop, Deliver, Earn Cash - Instacart",Instacart Shoppers,Hoopeston,IL,"Hoopeston, IL     •  via Snagajob",2025-08-08 12:54 PM,2025-08-08T20:54:24.112Z
instacart,Instacart,Instacart Delivery Driver - Flexible Hours,Instacart Shoppers,St James,LA,"St James, LA     •  via Snagajob",2025-08-08 08:54 AM,2025-08-08T20:54:24.113Z
instacart,Instacart,"Shop, Deliver, Earn Cash - Instacart",Instacart Shoppers,Loranger,LA,"Loranger, LA     •  via Snagajob",2025-08-08 07:54 AM,2025-08-08T20:54:24.115Z
instacart,Instacart,Shop and Deliver - No Experience Required,Instacart Shoppers,Napoleonville,LA,"Napoleonville, LA     •  via Snagajob",2025-08-08 10:54 AM,2025-08-08T20:54:24.116Z
instacart,Instacart,Shop and Deliver - No Experience Required,Instacart Shoppers,Amite City,LA,"Amite City, LA     •  via Snagajob",2025-08-08 09:54 AM,2025-08-08T20:54:24.117Z
instacart,Instacart,"Shop, Deliver, Earn Cash - Instacart",Instacart Shoppers,Portage,WI,"Portage, WI     •  via Snagajob",2025-08-08 12:54 PM,2025-08-08T20:54:24.119Z
instacart,Instacart,Instacart Delivery Driver - Flexible Hours,Instacart Shoppers,Long Neck,DE,"Long Neck, DE     •  via Snagajob",2025-08-08 11:54 AM,2025-08-08T20:54:24.120Z
instacart,Instacart,"Shop, Deliver, Earn Cash - Instacart",Instacart Shoppers,Farmingdale,NJ,"Farmingdale, NJ     •  via Snagajob",2025-08-08 12:54 PM,2025-08-08T20:54:24.122Z
